frame,landmark,pixel_radius,range_m,radial_m,tangential_m,in_fit
0000391,L3,24,0.39,-0.409,0.440,true
0002130,L1,62,0.71,0.112,0.174,true
0000172,L3,79,1.35,-0.517,-0.176,true
0002300,L4,108,1.45,0.178,0.393,true
0000172,L1,129,1.62,-0.253,-0.300,true
0000391,L1,144,2.87,-0.268,-0.267,true
0002300,L1,205,3.00,0.151,-0.176,true
0002130,L4,267,3.30,0.336,-0.016,true
0002130,L3,267,3.60,0.009,-0.414,true
0000391,L2,226,4.49,-0.372,0.074,true
0000172,L2,377,4.54,-0.447,0.052,true
0000172,L4,382,4.66,-0.513,-0.241,true
0002300,L3,297,4.73,-0.146,-0.197,true
0002130,L2,420,5.26,0.447,0.280,true
0000391,L4,292,5.73,-0.431,-0.346,true
0002300,L2,534,7.77,0.471,0.283,true
0002300,L5,573,7.82,0.991,0.742,false
0002130,L5,854,10.37,1.257,0.279,false
0000391,L5,610,12.09,-1.005,-0.568,false
0000391,L7,675,13.27,-1.042,-1.134,false
0000391,L6,842,17.35,-2.148,-1.890,false
